,id,utcDate,status,matchday,stage,group,lastUpdated,referees,area.id,area.name,area.code,area.flag,competition.id,competition.name,competition.code,competition.type,competition.emblem,season.id,season.startDate,season.endDate,season.currentMatchday,season.winner,homeTeam.id,homeTeam.name,homeTeam.shortName,homeTeam.tla,homeTeam.crest,awayTeam.id,awayTeam.name,awayTeam.shortName,awayTeam.tla,awayTeam.crest,score.winner,score.duration,score.fullTime.home,score.fullTime.away,score.halfTime.home,score.halfTime.away,odds.msg,score.regularTime.home,score.regularTime.away,score.extraTime.home,score.extraTime.away,score.penalties.home,score.penalties.away
0,451623,2023-09-19T16:45:00Z,FINISHED,1.0,GROUP_STAGE,GROUP_F,2024-03-15T14:47:18Z,"[{'id': 207080, 'name': 'José Sánchez Martínez', 'type': 'REFEREE', 'nationality': 'Spain'}]",2077,Europe,EUR,https://crests.football-data.org/EUR.svg,2001,UEFA Champions League,CL,CUP,https://crests.football-data.org/CL.png,1630,2023-09-19,2024-06-01,6,,98,AC Milan,Milan,MIL,https://crests.football-data.org/98.png,67,Newcastle United FC,Newcastle,NEW,https://crests.football-data.org/67.png,DRAW,REGULAR,0.0,0.0,0.0,0.0,Activate Odds-Package in User-Panel to retrieve odds.,,,,,,
1,451637,2023-09-19T16:45:00Z,FINISHED,1.0,GROUP_STAGE,GROUP_G,2024-03-15T14:47:18Z,"[{'id': 15430, 'name': 'Enea Jorgji', 'type': 'REFEREE', 'nationality': 'Albania'}]",2077,Europe,EUR,https://crests.football-data.org/EUR.svg,2001,UEFA Champions League,CL,CUP,https://crests.football-data.org/CL.png,1630,2023-09-19,2024-06-01,6,,1871,BSC Young Boys,Young Boys,YOB,https://crests.football-data.org/1871.png,721,RB Leipzig,RB Leipzig,RBL,https://crests.football-data.org/721.png,AWAY_TEAM,REGULAR,1.0,3.0,1.0,1.0,Activate Odds-Package in User-Panel to retrieve odds.,,,,,,
2,451614,2023-09-19T19:00:00Z,FINISHED,1.0,GROUP_STAGE,GROUP_E,2024-03-15T14:47:18Z,"[{'id': 9351, 'name': 'Slavko Vinčič', 'type': 'REFEREE', 'nationality': 'Slovenia'}]",2077,Europe,EUR,https://crests.football-data.org/EUR.svg,2001,UEFA Champions League,CL,CUP,https://crests.football-data.org/CL.png,1630,2023-09-19,2024-06-01,6,,110,SS Lazio,Lazio,LAZ,https://crests.football-data.org/110.png,78,Club Atlético de Madrid,Atleti,ATL,https://crests.football-data.org/78.svg,DRAW,REGULAR,1.0,1.0,0.0,1.0,Activate Odds-Package in User-Panel to retrieve odds.,,,,,,
3,451616,2023-09-19T19:00:00Z,FINISHED,1.0,GROUP_STAGE,GROUP_E,2024-03-15T14:47:18Z,"[{'id': 15680, 'name': 'Irfan Peljto', 'type': 'REFEREE', 'nationality': 'Bosnia and Herzegovina'}]",2077,Europe,EUR,https://crests.football-data.org/EUR.svg,2001,UEFA Champions League,CL,CUP,https://crests.football-data.org/CL.png,1630,2023-09-19,2024-06-01,6,,675,Feyenoord Rotterdam,Feyenoord,FEY,https://crests.football-data.org/675.png,732,Celtic FC,Celtic,CEL,https://crests.football-data.org/732.png,HOME_TEAM,REGULAR,2.0,0.0,1.0,0.0,Activate Odds-Package in User-Panel to retrieve odds.,,,,,,
4,451630,2023-09-19T19:00:00Z,FINISHED,1.0,GROUP_STAGE,GROUP_F,2024-03-15T14:47:18Z,"[{'id': 206211, 'name': 'Jesús Gil Manzano', 'type': 'REFEREE', 'nationality': 'Spain'}]",2077,Europe,EUR,https://crests.football-data.org/EUR.svg,2001,UEFA Champions League,CL,CUP,https://crests.football-data.org/CL.png,1630,2023-09-19,2024-06-01,6,,524,Paris Saint-Germain FC,PSG,PSG,https://crests.football-data.org/524.png,4,Borussia Dortmund,Dortmund,BVB,https://crests.football-data.org/4.png,HOME_TEAM,REGULAR,2.0,0.0,0.0,0.0,Activate Odds-Package in User-Panel to retrieve odds.,,,,,,
5,451640,2023-09-19T19:00:00Z,FINISHED,1.0,GROUP_STAGE,GROUP_G,2024-05-18T10:21:15Z,"[{'id': 38806, 'name': 'João Pinheiro', 'type': 'REFEREE', 'nationality': 'Portugal'}]",2077,Europe,EUR,https://crests.football-data.org/EUR.svg,2001,UEFA Champions League,CL,CUP,https://crests.football-data.org/CL.png,1630,2023-09-19,2024-06-01,6,,65,Manchester City FC,Man City,MCI,https://crests.football-data.org/65.png,7283,FK Crvena Zvezda,Crvena Zvedza,CRV,https://crests.football-data.org/7283.png,HOME_TEAM,REGULAR,3.0,1.0,0.0,1.0,Activate Odds-Package in User-Panel to retrieve odds.,,,,,,
6,451647,2023-09-19T19:00:00Z,FINISHED,1.0,GROUP_STAGE,GROUP_H,2024-03-15T14:47:18Z,"[{'id': 15581, 'name': 'Radu Petrescu', 'type': 'REFEREE', 'nationality': 'Romania'}]",2077,Europe,EUR,https://crests.football-data.org/EUR.svg,2001,UEFA Champions League,CL,CUP,https://crests.football-data.org/CL.png,1630,2023-09-19,2024-06-01,6,,81,FC Barcelona,Barça,FCB,https://crests.football-data.org/81.svg,1864,Royal Antwerp FC,Antwerp FC,ANT,https://crests.football-data.org/1864.png,HOME_TEAM,REGULAR,5.0,0.0,3.0,0.0,Activate Odds-Package in User-Panel to retrieve odds.,,,,,,
7,451654,2023-09-19T19:00:00Z,FINISHED,1.0,GROUP_STAGE,GROUP_H,2024-03-15T14:47:18Z,"[{'id': 11029, 'name': 'Davide Massa', 'type': 'REFEREE', 'nationality': 'Italy'}]",2077,Europe,EUR,https://crests.football-data.org/EUR.svg,2001,UEFA Champions League,CL,CUP,https://crests.football-data.org/CL.png,1630,2023-09-19,2024-06-01,6,,1887,FK Shakhtar Donetsk,Shaktar,SHD,https://crests.football-data.org/1887.png,503,FC Porto,Porto,FCP,https://crests.football-data.org/503.png,AWAY_TEAM,REGULAR,1.0,3.0,1.0,3.0,Activate Odds-Package in User-Panel to retrieve odds.,,,,,,
8,451586,2023-09-20T16:45:00Z,FINISHED,1.0,GROUP_STAGE,GROUP_C,2024-05-18T10:21:15Z,"[{'id': 215543, 'name': 'Espen Eskås', 'type': 'REFEREE', 'nationality': 'Norway'}]",2077,Europe,EUR,https://crests.football-data.org/EUR.svg,2001,UEFA Champions League,CL,CUP,https://crests.football-data.org/CL.png,1630,2023-09-19,2024-06-01,6,,86,Real Madrid CF,Real Madrid,RMA,https://crests.football-data.org/86.png,28,1. FC Union Berlin,Union Berlin,UNB,https://crests.football-data.org/28.svg,HOME_TEAM,REGULAR,1.0,0.0,0.0,0.0,Activate Odds-Package in User-Panel to retrieve odds.,,,,,,
9,451568,2023-09-20T16:45:00Z,FINISHED,1.0,GROUP_STAGE,GROUP_A,2024-03-15T14:47:18Z,"[{'id': 15654, 'name': 'Georgi Kabakov', 'type': 'REFEREE', 'nationality': 'Bulgaria'}]",2077,Europe,EUR,https://crests.football-data.org/EUR.svg,2001,UEFA Champions League,CL,CUP,https://crests.football-data.org/CL.png,1630,2023-09-19,2024-06-01,6,,610,Galatasaray SK,Galatasaray,GAL,https://crests.football-data.org/610.png,1876,FC København,København,KOB,https://crests.football-data.org/1876.png,DRAW,REGULAR,2.0,2.0,0.0,1.0,Activate Odds-Package in User-Panel to retrieve odds.,,,,,,
10,451584,2023-09-20T19:00:00Z,FINISHED,1.0,GROUP_STAGE,GROUP_B,2024-03-15T14:47:18Z,"[{'id': 43943, 'name': 'Tobias Stieler', 'type': 'REFEREE', 'nationality': 'Germany'}]",2077,Europe,EUR,https://crests.football-data.org/EUR.svg,2001,UEFA Champions League,CL,CUP,https://crests.football-data.org/CL.png,1630,2023-09-19,2024-06-01,6,,559,Sevilla FC,Sevilla FC,SEV,https://crests.football-data.org/559.svg,546,Racing Club de Lens,RC Lens,RCL,https://crests.football-data.org/546.png,DRAW,REGULAR,1.0,1.0,1.0,1.0,Activate Odds-Package in User-Panel to retrieve odds.,,,,,,
11,451595,2023-09-20T19:00:00Z,FINISHED,1.0,GROUP_STAGE,GROUP_C,2024-03-15T14:47:18Z,"[{'id': 43858, 'name': 'Serdar Gözübüyük', 'type': 'REFEREE', 'nationality': 'Netherlands'}]",2077,Europe,EUR,https://crests.football-data.org/EUR.svg,2001,UEFA Champions League,CL,CUP,https://crests.football-data.org/CL.png,1630,2023-09-19,2024-06-01,6,,5613,Sporting Clube de Braga,Braga,SCB,https://crests.football-data.org/5613.png,113,SSC Napoli,Napoli,NAP,https://crests.football-data.org/113.png,AWAY_TEAM,REGULAR,1.0,2.0,0.0,1.0,Activate Odds-Package in User-Panel to retrieve odds.,,,,,,
12,451600,2023-09-20T19:00:00Z,FINISHED,1.0,GROUP_STAGE,GROUP_D,2024-03-15T14:47:18Z,"[{'id': 11605, 'name': 'Michael Oliver', 'type': 'REFEREE', 'nationality': 'England'}]",2077,Europe,EUR,https://crests.football-data.org/EUR.svg,2001,UEFA Champions League,CL,CUP,https://crests.football-data.org/CL.png,1630,2023-09-19,2024-06-01,6,,92,Real Sociedad de Fútbol,Real Sociedad,RSO,https://crests.football-data.org/92.svg,108,FC Internazionale Milano,Inter,INT,https://crests.football-data.org/108.png,DRAW,REGULAR,1.0,1.0,1.0,0.0,Activate Odds-Package in User-Panel to retrieve odds.,,,,,,
13,451606,2023-09-20T19:00:00Z,FINISHED,1.0,GROUP_STAGE,GROUP_D,2024-03-15T14:47:18Z,"[{'id': 214424, 'name': 'Halil Meler', 'type': 'REFEREE', 'nationality': 'Turkey'}]",2077,Europe,EUR,https://crests.football-data.org/EUR.svg,2001,UEFA Champions League,CL,CUP,https://crests.football-data.org/CL.png,1630,2023-09-19,2024-06-01,6,,1903,Sport Lisboa e Benfica,SL Benfica,BEN,https://crests.football-data.org/1903.png,1877,FC Red Bull Salzburg,RB Salzburg,RBS,https://crests.football-data.org/1877.png,AWAY_TEAM,REGULAR,0.0,2.0,0.0,1.0,Activate Odds-Package in User-Panel to retrieve odds.,,,,,,
14,451565,2023-09-20T19:00:00Z,FINISHED,1.0,GROUP_STAGE,GROUP_A,2024-03-15T14:47:18Z,"[{'id': 30960, 'name': 'Glenn Nyberg', 'type': 'REFEREE', 'nationality': 'Sweden'}]",2077,Europe,EUR,https://crests.football-data.org/EUR.svg,2001,UEFA Champions League,CL,CUP,https://crests.football-data.org/CL.png,1630,2023-09-19,2024-06-01,6,,5,FC Bayern München,Bayern,FCB,https://crests.football-data.org/5.svg,66,Manchester United FC,Man United,MUN,https://crests.football-data.org/66.png,HOME_TEAM,REGULAR,4.0,3.0,2.0,0.0,Activate Odds-Package in User-Panel to retrieve odds.,,,,,,
15,451573,2023-09-20T19:00:00Z,FINISHED,1.0,GROUP_STAGE,GROUP_B,2024-03-15T14:47:18Z,"[{'id': 43878, 'name': 'Felix Zwayer', 'type': 'REFEREE', 'nationality': 'Germany'}]",2077,Europe,EUR,https://crests.football-data.org/EUR.svg,2001,UEFA Champions League,CL,CUP,https://crests.football-data.org/CL.png,1630,2023-09-19,2024-06-01,6,,57,Arsenal FC,Arsenal,ARS,https://crests.football-data.org/57.png,674,PSV,PSV,PSV,https://crests.football-data.org/674.png,HOME_TEAM,REGULAR,4.0,0.0,3.0,0.0,Activate Odds-Package in User-Panel to retrieve odds.,,,,,,
16,451587,2023-10-03T16:45:00Z,FINISHED,2.0,GROUP_STAGE,GROUP_C,2024-03-15T14:47:18Z,"[{'id': 15649, 'name': 'Srđan Jovanović', 'type': 'REFEREE', 'nationality': 'Serbia'}]",2077,Europe,EUR,https://crests.football-data.org/EUR.svg,2001,UEFA Champions League,CL,CUP,https://crests.football-data.org/CL.png,1630,2023-09-19,2024-06-01,6,,28,1. FC Union Berlin,Union Berlin,UNB,https://crests.football-data.org/28.svg,5613,Sporting Clube de Braga,Braga,SCB,https://crests.football-data.org/5613.png,AWAY_TEAM,REGULAR,2.0,3.0,2.0,1.0,Activate Odds-Package in User-Panel to retrieve odds.,,,,,,
17,451603,2023-10-03T16:45:00Z,FINISHED,2.0,GROUP_STAGE,GROUP_D,2024-03-15T14:47:18Z,"[{'id': 43857, 'name': 'Bartosz Frankowski', 'type': 'REFEREE', 'nationality': 'Poland'}]",2077,Europe,EUR,https://crests.football-data.org/EUR.svg,2001,UEFA Champions League,CL,CUP,https://crests.football-data.org/CL.png,1630,2023-09-19,2024-06-01,6,,1877,FC Red Bull Salzburg,RB Salzburg,RBS,https://crests.football-data.org/1877.png,92,Real Sociedad de Fútbol,Real Sociedad,RSO,https://crests.football-data.org/92.svg,AWAY_TEAM,REGULAR,0.0,2.0,0.0,2.0,Activate Odds-Package in User-Panel to retrieve odds.,,,,,,
18,451594,2023-10-03T19:00:00Z,FINISHED,2.0,GROUP_STAGE,GROUP_C,2024-05-18T10:21:15Z,"[{'id': 9374, 'name': 'Clément Turpin', 'type': 'REFEREE', 'nationality': 'France'}]",2077,Europe,EUR,https://crests.football-data.org/EUR.svg,2001,UEFA Champions League,CL,CUP,https://crests.football-data.org/CL.png,1630,2023-09-19,2024-06-01,6,,113,SSC Napoli,Napoli,NAP,https://crests.football-data.org/113.png,86,Real Madrid CF,Real Madrid,RMA,https://crests.football-data.org/86.png,AWAY_TEAM,REGULAR,2.0,3.0,1.0,2.0,Activate Odds-Package in User-Panel to retrieve odds.,,,,,,
19,451601,2023-10-03T19:00:00Z,FINISHED,2.0,GROUP_STAGE,GROUP_D,2024-03-15T14:47:18Z,"[{'id': 43899, 'name': 'Danny Makkelie', 'type': 'REFEREE', 'nationality': 'Netherlands'}]",2077,Europe,EUR,https://crests.football-data.org/EUR.svg,2001,UEFA Champions League,CL,CUP,https://crests.football-data.org/CL.png,1630,2023-09-19,2024-06-01,6,,108,FC Internazionale Milano,Inter,INT,https://crests.football-data.org/108.png,1903,Sport Lisboa e Benfica,SL Benfica,BEN,https://crests.football-data.org/1903.png,HOME_TEAM,REGULAR,1.0,0.0,0.0,0.0,Activate Odds-Package in User-Panel to retrieve odds.,,,,,,
20,451562,2023-10-03T19:00:00Z,FINISHED,2.0,GROUP_STAGE,GROUP_A,2024-03-15T14:47:18Z,"[{'id': 167782, 'name': 'Orel Grinfeld', 'type': 'REFEREE', 'nationality': None}]",2077,Europe,EUR,https://crests.football-data.org/EUR.svg,2001,UEFA Champions League,CL,CUP,https://crests.football-data.org/CL.png,1630,2023-09-19,2024-06-01,6,,1876,FC København,København,KOB,https://crests.football-data.org/1876.png,5,FC Bayern München,Bayern,FCB,https://crests.football-data.org/5.svg,AWAY_TEAM,REGULAR,1.0,2.0,0.0,0.0,Activate Odds-Package in User-Panel to retrieve odds.,,,,,,
21,451572,2023-10-03T19:00:00Z,FINISHED,2.0,GROUP_STAGE,GROUP_A,2024-03-15T14:47:18Z,"[{'id': 43954, 'name': 'Ivan Kružliak', 'type': 'REFEREE', 'nationality': 'Slovakia'}]",2077,Europe,EUR,https://crests.football-data.org/EUR.svg,2001,UEFA Champions League,CL,CUP,https://crests.football-data.org/CL.png,1630,2023-09-19,2024-06-01,6,,66,Manchester United FC,Man United,MUN,https://crests.football-data.org/66.png,610,Galatasaray SK,Galatasaray,GAL,https://crests.football-data.org/610.png,AWAY_TEAM,REGULAR,2.0,3.0,1.0,1.0,Activate Odds-Package in User-Panel to retrieve odds.,,,,,,
22,451576,2023-10-03T19:00:00Z,FINISHED,2.0,GROUP_STAGE,GROUP_B,2024-03-15T14:47:18Z,"[{'id': 11079, 'name': 'Marco Guida', 'type': 'REFEREE', 'nationality': 'Italy'}]",2077,Europe,EUR,https://crests.football-data.org/EUR.svg,2001,UEFA Champions League,CL,CUP,https://crests.football-data.org/CL.png,1630,2023-09-19,2024-06-01,6,,546,Racing Club de Lens,RC Lens,RCL,https://crests.football-data.org/546.png,57,Arsenal FC,Arsenal,ARS,https://crests.football-data.org/57.png,HOME_TEAM,REGULAR,2.0,1.0,1.0,1.0,Activate Odds-Package in User-Panel to retrieve odds.,,,,,,
23,451581,2023-10-03T19:00:00Z,FINISHED,2.0,GROUP_STAGE,GROUP_B,2024-03-15T14:47:18Z,"[{'id': 11116, 'name': 'Daniele Orsato', 'type': 'REFEREE', 'nationality': 'Italy'}]",2077,Europe,EUR,https://crests.football-data.org/EUR.svg,2001,UEFA Champions League,CL,CUP,https://crests.football-data.org/CL.png,1630,2023-09-19,2024-06-01,6,,674,PSV,PSV,PSV,https://crests.football-data.org/674.png,559,Sevilla FC,Sevilla FC,SEV,https://crests.football-data.org/559.svg,DRAW,REGULAR,2.0,2.0,0.0,0.0,Activate Odds-Package in User-Panel to retrieve odds.,,,,,,
24,451611,2023-10-04T16:45:00Z,FINISHED,2.0,GROUP_STAGE,GROUP_E,2024-03-15T14:47:18Z,"[{'id': 43918, 'name': 'François Letexier', 'type': 'REFEREE', 'nationality': 'France'}]",2077,Europe,EUR,https://crests.football-data.org/EUR.svg,2001,UEFA Champions League,CL,CUP,https://crests.football-data.org/CL.png,1630,2023-09-19,2024-06-01,6,,78,Club Atlético de Madrid,Atleti,ATL,https://crests.football-data.org/78.svg,675,Feyenoord Rotterdam,Feyenoord,FEY,https://crests.football-data.org/675.png,HOME_TEAM,REGULAR,3.0,2.0,2.0,2.0,Activate Odds-Package in User-Panel to retrieve odds.,,,,,,
25,451655,2023-10-04T16:45:00Z,FINISHED,2.0,GROUP_STAGE,GROUP_H,2024-03-15T14:47:18Z,"[{'id': 43936, 'name': 'Rade Obrenović', 'type': 'REFEREE', 'nationality': 'Slovenia'}]",2077,Europe,EUR,https://crests.football-data.org/EUR.svg,2001,UEFA Champions League,CL,CUP,https://crests.football-data.org/CL.png,1630,2023-09-19,2024-06-01,6,,1864,Royal Antwerp FC,Antwerp FC,ANT,https://crests.football-data.org/1864.png,1887,FK Shakhtar Donetsk,Shaktar,SHD,https://crests.football-data.org/1887.png,AWAY_TEAM,REGULAR,2.0,3.0,2.0,0.0,Activate Odds-Package in User-Panel to retrieve odds.,,,,,,
26,451617,2023-10-04T19:00:00Z,FINISHED,2.0,GROUP_STAGE,GROUP_E,2024-03-15T14:47:18Z,"[{'id': 43952, 'name': 'Donatas Rumšas', 'type': 'REFEREE', 'nationality': 'Lithuania'}]",2077,Europe,EUR,https://crests.football-data.org/EUR.svg,2001,UEFA Champions League,CL,CUP,https://crests.football-data.org/CL.png,1630,2023-09-19,2024-06-01,6,,732,Celtic FC,Celtic,CEL,https://crests.football-data.org/732.png,110,SS Lazio,Lazio,LAZ,https://crests.football-data.org/110.png,AWAY_TEAM,REGULAR,1.0,2.0,1.0,1.0,Activate Odds-Package in User-Panel to retrieve odds.,,,,,,
27,451622,2023-10-04T19:00:00Z,FINISHED,2.0,GROUP_STAGE,GROUP_F,2024-03-15T14:47:18Z,"[{'id': 43888, 'name': 'Szymon Marciniak', 'type': 'REFEREE', 'nationality': 'Poland'}]",2077,Europe,EUR,https://crests.football-data.org/EUR.svg,2001,UEFA Champions League,CL,CUP,https://crests.football-data.org/CL.png,1630,2023-09-19,2024-06-01,6,,4,Borussia Dortmund,Dortmund,BVB,https://crests.football-data.org/4.png,98,AC Milan,Milan,MIL,https://crests.football-data.org/98.png,DRAW,REGULAR,0.0,0.0,0.0,0.0,Activate Odds-Package in User-Panel to retrieve odds.,,,,,,
28,451631,2023-10-04T19:00:00Z,FINISHED,2.0,GROUP_STAGE,GROUP_F,2024-03-15T14:47:18Z,"[{'id': 37278, 'name': 'István Kovács', 'type': 'REFEREE', 'nationality': 'Romania'}]",2077,Europe,EUR,https://crests.football-data.org/EUR.svg,2001,UEFA Champions League,CL,CUP,https://crests.football-data.org/CL.png,1630,2023-09-19,2024-06-01,6,,67,Newcastle United FC,Newcastle,NEW,https://crests.football-data.org/67.png,524,Paris Saint-Germain FC,PSG,PSG,https://crests.football-data.org/524.png,HOME_TEAM,REGULAR,4.0,1.0,2.0,0.0,Activate Odds-Package in User-Panel to retrieve odds.,,,,,,
29,451634,2023-10-04T19:00:00Z,FINISHED,2.0,GROUP_STAGE,GROUP_G,2024-03-15T14:47:18Z,"[{'id': 34579, 'name': 'William Collum', 'type': 'REFEREE', 'nationality': 'Scotland'}]",2077,Europe,EUR,https://crests.football-data.org/EUR.svg,2001,UEFA Champions League,CL,CUP,https://crests.football-data.org/CL.png,1630,2023-09-19,2024-06-01,6,,7283,FK Crvena Zvezda,Crvena Zvedza,CRV,https://crests.football-data.org/7283.png,1871,BSC Young Boys,Young Boys,YOB,https://crests.football-data.org/1871.png,DRAW,REGULAR,2.0,2.0,1.0,0.0,Activate Odds-Package in User-Panel to retrieve odds.,,,,,,
30,451644,2023-10-04T19:00:00Z,FINISHED,2.0,GROUP_STAGE,GROUP_G,2024-05-18T10:21:15Z,"[{'id': 193984, 'name': 'Artur Dias', 'type': 'REFEREE', 'nationality': 'Portugal'}]",2077,Europe,EUR,https://crests.football-data.org/EUR.svg,2001,UEFA Champions League,CL,CUP,https://crests.football-data.org/CL.png,1630,2023-09-19,2024-06-01,6,,721,RB Leipzig,RB Leipzig,RBL,https://crests.football-data.org/721.png,65,Manchester City FC,Man City,MCI,https://crests.football-data.org/65.png,AWAY_TEAM,REGULAR,1.0,3.0,0.0,1.0,Activate Odds-Package in User-Panel to retrieve odds.,,,,,,
31,451646,2023-10-04T19:00:00Z,FINISHED,2.0,GROUP_STAGE,GROUP_H,2024-03-15T14:47:18Z,"[{'id': 11580, 'name': 'Anthony Taylor', 'type': 'REFEREE', 'nationality': 'England'}]",2077,Europe,EUR,https://crests.football-data.org/EUR.svg,2001,UEFA Champions League,CL,CUP,https://crests.football-data.org/CL.png,1630,2023-09-19,2024-06-01,6,,503,FC Porto,Porto,FCP,https://crests.football-data.org/503.png,81,FC Barcelona,Barça,FCB,https://crests.football-data.org/81.svg,AWAY_TEAM,REGULAR,0.0,1.0,0.0,1.0,Activate Odds-Package in User-Panel to retrieve odds.,,,,,,
32,451597,2023-10-24T16:45:00Z,FINISHED,3.0,GROUP_STAGE,GROUP_D,2024-03-15T14:47:18Z,"[{'id': 43918, 'name': 'François Letexier', 'type': 'REFEREE', 'nationality': 'France'}]",2077,Europe,EUR,https://crests.football-data.org/EUR.svg,2001,UEFA Champions League,CL,CUP,https://crests.football-data.org/CL.png,1630,2023-09-19,2024-06-01,6,,108,FC Internazionale Milano,Inter,INT,https://crests.football-data.org/108.png,1877,FC Red Bull Salzburg,RB Salzburg,RBS,https://crests.football-data.org/1877.png,HOME_TEAM,REGULAR,2.0,1.0,1.0,0.0,Activate Odds-Package in User-Panel to retrieve odds.,,,,,,
33,451564,2023-10-24T16:45:00Z,FINISHED,3.0,GROUP_STAGE,GROUP_A,2024-03-15T14:47:18Z,"[{'id': 11029, 'name': 'Davide Massa', 'type': 'REFEREE', 'nationality': 'Italy'}]",2077,Europe,EUR,https://crests.football-data.org/EUR.svg,2001,UEFA Champions League,CL,CUP,https://crests.football-data.org/CL.png,1630,2023-09-19,2024-06-01,6,,610,Galatasaray SK,Galatasaray,GAL,https://crests.football-data.org/610.png,5,FC Bayern München,Bayern,FCB,https://crests.football-data.org/5.svg,AWAY_TEAM,REGULAR,1.0,3.0,1.0,1.0,Activate Odds-Package in User-Panel to retrieve odds.,,,,,,
34,451589,2023-10-24T19:00:00Z,FINISHED,3.0,GROUP_STAGE,GROUP_C,2024-03-15T14:47:18Z,"[{'id': 15680, 'name': 'Irfan Peljto', 'type': 'REFEREE', 'nationality': 'Bosnia and Herzegovina'}]",2077,Europe,EUR,https://crests.football-data.org/EUR.svg,2001,UEFA Champions League,CL,CUP,https://crests.football-data.org/CL.png,1630,2023-09-19,2024-06-01,6,,28,1. FC Union Berlin,Union Berlin,UNB,https://crests.football-data.org/28.svg,113,SSC Napoli,Napoli,NAP,https://crests.football-data.org/113.png,AWAY_TEAM,REGULAR,0.0,1.0,0.0,0.0,Activate Odds-Package in User-Panel to retrieve odds.,,,,,,
35,451592,2023-10-24T19:00:00Z,FINISHED,3.0,GROUP_STAGE,GROUP_C,2024-05-18T10:21:15Z,"[{'id': 11605, 'name': 'Michael Oliver', 'type': 'REFEREE', 'nationality': 'England'}]",2077,Europe,EUR,https://crests.football-data.org/EUR.svg,2001,UEFA Champions League,CL,CUP,https://crests.football-data.org/CL.png,1630,2023-09-19,2024-06-01,6,,5613,Sporting Clube de Braga,Braga,SCB,https://crests.football-data.org/5613.png,86,Real Madrid CF,Real Madrid,RMA,https://crests.football-data.org/86.png,AWAY_TEAM,REGULAR,1.0,2.0,0.0,1.0,Activate Odds-Package in User-Panel to retrieve odds.,,,,,,
36,451608,2023-10-24T19:00:00Z,FINISHED,3.0,GROUP_STAGE,GROUP_D,2024-03-15T14:47:18Z,"[{'id': 9374, 'name': 'Clément Turpin', 'type': 'REFEREE', 'nationality': 'France'}]",2077,Europe,EUR,https://crests.football-data.org/EUR.svg,2001,UEFA Champions League,CL,CUP,https://crests.football-data.org/CL.png,1630,2023-09-19,2024-06-01,6,,1903,Sport Lisboa e Benfica,SL Benfica,BEN,https://crests.football-data.org/1903.png,92,Real Sociedad de Fútbol,Real Sociedad,RSO,https://crests.football-data.org/92.svg,AWAY_TEAM,REGULAR,0.0,1.0,0.0,0.0,Activate Odds-Package in User-Panel to retrieve odds.,,,,,,
37,451570,2023-10-24T19:00:00Z,FINISHED,3.0,GROUP_STAGE,GROUP_A,2024-03-15T14:47:18Z,"[{'id': 11079, 'name': 'Marco Guida', 'type': 'REFEREE', 'nationality': 'Italy'}]",2077,Europe,EUR,https://crests.football-data.org/EUR.svg,2001,UEFA Champions League,CL,CUP,https://crests.football-data.org/CL.png,1630,2023-09-19,2024-06-01,6,,66,Manchester United FC,Man United,MUN,https://crests.football-data.org/66.png,1876,FC København,København,KOB,https://crests.football-data.org/1876.png,HOME_TEAM,REGULAR,1.0,0.0,0.0,0.0,Activate Odds-Package in User-Panel to retrieve odds.,,,,,,
38,451578,2023-10-24T19:00:00Z,FINISHED,3.0,GROUP_STAGE,GROUP_B,2024-03-15T14:47:18Z,"[{'id': 30960, 'name': 'Glenn Nyberg', 'type': 'REFEREE', 'nationality': 'Sweden'}]",2077,Europe,EUR,https://crests.football-data.org/EUR.svg,2001,UEFA Champions League,CL,CUP,https://crests.football-data.org/CL.png,1630,2023-09-19,2024-06-01,6,,559,Sevilla FC,Sevilla FC,SEV,https://crests.football-data.org/559.svg,57,Arsenal FC,Arsenal,ARS,https://crests.football-data.org/57.png,AWAY_TEAM,REGULAR,1.0,2.0,0.0,1.0,Activate Odds-Package in User-Panel to retrieve odds.,,,,,,
39,451580,2023-10-24T19:00:00Z,FINISHED,3.0,GROUP_STAGE,GROUP_B,2024-03-15T14:47:18Z,"[{'id': 15581, 'name': 'Radu Petrescu', 'type': 'REFEREE', 'nationality': 'Romania'}]",2077,Europe,EUR,https://crests.football-data.org/EUR.svg,2001,UEFA Champions League,CL,CUP,https://crests.football-data.org/CL.png,1630,2023-09-19,2024-06-01,6,,546,Racing Club de Lens,RC Lens,RCL,https://crests.football-data.org/546.png,674,PSV,PSV,PSV,https://crests.football-data.org/674.png,DRAW,REGULAR,1.0,1.0,0.0,0.0,Activate Odds-Package in User-Panel to retrieve odds.,,,,,,
40,451619,2023-10-25T16:45:00Z,FINISHED,3.0,GROUP_STAGE,GROUP_E,2024-03-15T14:47:18Z,"[{'id': 43943, 'name': 'Tobias Stieler', 'type': 'REFEREE', 'nationality': 'Germany'}]",2077,Europe,EUR,https://crests.football-data.org/EUR.svg,2001,UEFA Champions League,CL,CUP,https://crests.football-data.org/CL.png,1630,2023-09-19,2024-06-01,6,,675,Feyenoord Rotterdam,Feyenoord,FEY,https://crests.football-data.org/675.png,110,SS Lazio,Lazio,LAZ,https://crests.football-data.org/110.png,HOME_TEAM,REGULAR,3.0,1.0,2.0,0.0,Activate Odds-Package in User-Panel to retrieve odds.,,,,,,
41,451649,2023-10-25T16:45:00Z,FINISHED,3.0,GROUP_STAGE,GROUP_H,2024-03-15T14:47:18Z,"[{'id': 43954, 'name': 'Ivan Kružliak', 'type': 'REFEREE', 'nationality': 'Slovakia'}]",2077,Europe,EUR,https://crests.football-data.org/EUR.svg,2001,UEFA Champions League,CL,CUP,https://crests.football-data.org/CL.png,1630,2023-09-19,2024-06-01,6,,81,FC Barcelona,Barça,FCB,https://crests.football-data.org/81.svg,1887,FK Shakhtar Donetsk,Shaktar,SHD,https://crests.football-data.org/1887.png,HOME_TEAM,REGULAR,2.0,1.0,2.0,0.0,Activate Odds-Package in User-Panel to retrieve odds.,,,,,,
42,451610,2023-10-25T19:00:00Z,FINISHED,3.0,GROUP_STAGE,GROUP_E,2024-03-15T14:47:18Z,"[{'id': 43878, 'name': 'Felix Zwayer', 'type': 'REFEREE', 'nationality': 'Germany'}]",2077,Europe,EUR,https://crests.football-data.org/EUR.svg,2001,UEFA Champions League,CL,CUP,https://crests.football-data.org/CL.png,1630,2023-09-19,2024-06-01,6,,732,Celtic FC,Celtic,CEL,https://crests.football-data.org/732.png,78,Club Atlético de Madrid,Atleti,ATL,https://crests.football-data.org/78.svg,DRAW,REGULAR,2.0,2.0,2.0,1.0,Activate Odds-Package in User-Panel to retrieve odds.,,,,,,
43,451626,2023-10-25T19:00:00Z,FINISHED,3.0,GROUP_STAGE,GROUP_F,2024-03-15T14:47:18Z,"[{'id': 9351, 'name': 'Slavko Vinčič', 'type': 'REFEREE', 'nationality': 'Slovenia'}]",2077,Europe,EUR,https://crests.football-data.org/EUR.svg,2001,UEFA Champions League,CL,CUP,https://crests.football-data.org/CL.png,1630,2023-09-19,2024-06-01,6,,524,Paris Saint-Germain FC,PSG,PSG,https://crests.football-data.org/524.png,98,AC Milan,Milan,MIL,https://crests.football-data.org/98.png,HOME_TEAM,REGULAR,3.0,0.0,1.0,0.0,Activate Odds-Package in User-Panel to retrieve odds.,,,,,,
44,451628,2023-10-25T19:00:00Z,FINISHED,3.0,GROUP_STAGE,GROUP_F,2024-03-15T14:47:18Z,"[{'id': 193984, 'name': 'Artur Dias', 'type': 'REFEREE', 'nationality': 'Portugal'}]",2077,Europe,EUR,https://crests.football-data.org/EUR.svg,2001,UEFA Champions League,CL,CUP,https://crests.football-data.org/CL.png,1630,2023-09-19,2024-06-01,6,,67,Newcastle United FC,Newcastle,NEW,https://crests.football-data.org/67.png,4,Borussia Dortmund,Dortmund,BVB,https://crests.football-data.org/4.png,AWAY_TEAM,REGULAR,0.0,1.0,0.0,1.0,Activate Odds-Package in User-Panel to retrieve odds.,,,,,,
45,451635,2023-10-25T19:00:00Z,FINISHED,3.0,GROUP_STAGE,GROUP_G,2024-05-18T10:21:15Z,"[{'id': 24212, 'name': 'Morten Krogh', 'type': 'REFEREE', 'nationality': 'Denmark'}]",2077,Europe,EUR,https://crests.football-data.org/EUR.svg,2001,UEFA Champions League,CL,CUP,https://crests.football-data.org/CL.png,1630,2023-09-19,2024-06-01,6,,1871,BSC Young Boys,Young Boys,YOB,https://crests.football-data.org/1871.png,65,Manchester City FC,Man City,MCI,https://crests.football-data.org/65.png,AWAY_TEAM,REGULAR,1.0,3.0,0.0,0.0,Activate Odds-Package in User-Panel to retrieve odds.,,,,,,
46,451642,2023-10-25T19:00:00Z,FINISHED,3.0,GROUP_STAGE,GROUP_G,2024-03-15T14:47:18Z,"[{'id': 207080, 'name': 'José Sánchez Martínez', 'type': 'REFEREE', 'nationality': 'Spain'}]",2077,Europe,EUR,https://crests.football-data.org/EUR.svg,2001,UEFA Champions League,CL,CUP,https://crests.football-data.org/CL.png,1630,2023-09-19,2024-06-01,6,,721,RB Leipzig,RB Leipzig,RBL,https://crests.football-data.org/721.png,7283,FK Crvena Zvezda,Crvena Zvedza,CRV,https://crests.football-data.org/7283.png,HOME_TEAM,REGULAR,3.0,1.0,1.0,0.0,Activate Odds-Package in User-Panel to retrieve odds.,,,,,,
47,451652,2023-10-25T19:00:00Z,FINISHED,3.0,GROUP_STAGE,GROUP_H,2024-03-15T14:47:18Z,"[{'id': 43926, 'name': 'Benoît Bastien', 'type': 'REFEREE', 'nationality': 'France'}]",2077,Europe,EUR,https://crests.football-data.org/EUR.svg,2001,UEFA Champions League,CL,CUP,https://crests.football-data.org/CL.png,1630,2023-09-19,2024-06-01,6,,1864,Royal Antwerp FC,Antwerp FC,ANT,https://crests.football-data.org/1864.png,503,FC Porto,Porto,FCP,https://crests.football-data.org/503.png,AWAY_TEAM,REGULAR,1.0,4.0,1.0,0.0,Activate Odds-Package in User-Panel to retrieve odds.,,,,,,
48,451627,2023-11-07T17:45:00Z,FINISHED,4.0,GROUP_STAGE,GROUP_F,2024-03-15T14:47:18Z,"[{'id': 206208, 'name': 'Alejandro Hernández Hernández', 'type': 'REFEREE', 'nationality': 'Spain'}]",2077,Europe,EUR,https://crests.football-data.org/EUR.svg,2001,UEFA Champions League,CL,CUP,https://crests.football-data.org/CL.png,1630,2023-09-19,2024-06-01,6,,4,Borussia Dortmund,Dortmund,BVB,https://crests.football-data.org/4.png,67,Newcastle United FC,Newcastle,NEW,https://crests.football-data.org/67.png,HOME_TEAM,REGULAR,2.0,0.0,1.0,0.0,Activate Odds-Package in User-Panel to retrieve odds.,,,,,,
49,451650,2023-11-07T17:45:00Z,FINISHED,4.0,GROUP_STAGE,GROUP_H,2024-03-15T14:47:18Z,"[{'id': 15680, 'name': 'Irfan Peljto', 'type': 'REFEREE', 'nationality': 'Bosnia and Herzegovina'}]",2077,Europe,EUR,https://crests.football-data.org/EUR.svg,2001,UEFA Champions League,CL,CUP,https://crests.football-data.org/CL.png,1630,2023-09-19,2024-06-01,6,,1887,FK Shakhtar Donetsk,Shaktar,SHD,https://crests.football-data.org/1887.png,81,FC Barcelona,Barça,FCB,https://crests.football-data.org/81.svg,HOME_TEAM,REGULAR,1.0,0.0,1.0,0.0,Activate Odds-Package in User-Panel to retrieve odds.,,,,,,
50,451609,2023-11-07T20:00:00Z,FINISHED,4.0,GROUP_STAGE,GROUP_E,2024-03-15T14:47:18Z,"[{'id': 43954, 'name': 'Ivan Kružliak', 'type': 'REFEREE', 'nationality': 'Slovakia'}]",2077,Europe,EUR,https://crests.football-data.org/EUR.svg,2001,UEFA Champions League,CL,CUP,https://crests.football-data.org/CL.png,1630,2023-09-19,2024-06-01,6,,78,Club Atlético de Madrid,Atleti,ATL,https://crests.football-data.org/78.svg,732,Celtic FC,Celtic,CEL,https://crests.football-data.org/732.png,HOME_TEAM,REGULAR,6.0,0.0,2.0,0.0,Activate Odds-Package in User-Panel to retrieve odds.,,,,,,
51,451620,2023-11-07T20:00:00Z,FINISHED,4.0,GROUP_STAGE,GROUP_E,2024-03-15T14:47:18Z,"[{'id': 43888, 'name': 'Szymon Marciniak', 'type': 'REFEREE', 'nationality': 'Poland'}]",2077,Europe,EUR,https://crests.football-data.org/EUR.svg,2001,UEFA Champions League,CL,CUP,https://crests.football-data.org/CL.png,1630,2023-09-19,2024-06-01,6,,110,SS Lazio,Lazio,LAZ,https://crests.football-data.org/110.png,675,Feyenoord Rotterdam,Feyenoord,FEY,https://crests.football-data.org/675.png,HOME_TEAM,REGULAR,1.0,0.0,1.0,0.0,Activate Odds-Package in User-Panel to retrieve odds.,,,,,,
52,451625,2023-11-07T20:00:00Z,FINISHED,4.0,GROUP_STAGE,GROUP_F,2024-03-15T14:47:18Z,"[{'id': 206211, 'name': 'Jesús Gil Manzano', 'type': 'REFEREE', 'nationality': 'Spain'}]",2077,Europe,EUR,https://crests.football-data.org/EUR.svg,2001,UEFA Champions League,CL,CUP,https://crests.football-data.org/CL.png,1630,2023-09-19,2024-06-01,6,,98,AC Milan,Milan,MIL,https://crests.football-data.org/98.png,524,Paris Saint-Germain FC,PSG,PSG,https://crests.football-data.org/524.png,HOME_TEAM,REGULAR,2.0,1.0,1.0,1.0,Activate Odds-Package in User-Panel to retrieve odds.,,,,,,
53,451636,2023-11-07T20:00:00Z,FINISHED,4.0,GROUP_STAGE,GROUP_G,2024-05-18T10:21:15Z,"[{'id': 17631, 'name': 'Erik Lambrechts', 'type': 'REFEREE', 'nationality': 'Belgium'}]",2077,Europe,EUR,https://crests.football-data.org/EUR.svg,2001,UEFA Champions League,CL,CUP,https://crests.football-data.org/CL.png,1630,2023-09-19,2024-06-01,6,,65,Manchester City FC,Man City,MCI,https://crests.football-data.org/65.png,1871,BSC Young Boys,Young Boys,YOB,https://crests.football-data.org/1871.png,HOME_TEAM,REGULAR,3.0,0.0,2.0,0.0,Activate Odds-Package in User-Panel to retrieve odds.,,,,,,
54,451641,2023-11-07T20:00:00Z,FINISHED,4.0,GROUP_STAGE,GROUP_G,2024-03-15T14:47:18Z,"[{'id': 11116, 'name': 'Daniele Orsato', 'type': 'REFEREE', 'nationality': 'Italy'}]",2077,Europe,EUR,https://crests.football-data.org/EUR.svg,2001,UEFA Champions League,CL,CUP,https://crests.football-data.org/CL.png,1630,2023-09-19,2024-06-01,6,,7283,FK Crvena Zvezda,Crvena Zvedza,CRV,https://crests.football-data.org/7283.png,721,RB Leipzig,RB Leipzig,RBL,https://crests.football-data.org/721.png,AWAY_TEAM,REGULAR,1.0,2.0,0.0,1.0,Activate Odds-Package in User-Panel to retrieve odds.,,,,,,
55,451651,2023-11-07T20:00:00Z,FINISHED,4.0,GROUP_STAGE,GROUP_H,2024-03-15T14:47:18Z,"[{'id': 11043, 'name': 'Maurizio Mariani', 'type': 'REFEREE', 'nationality': 'Italy'}]",2077,Europe,EUR,https://crests.football-data.org/EUR.svg,2001,UEFA Champions League,CL,CUP,https://crests.football-data.org/CL.png,1630,2023-09-19,2024-06-01,6,,503,FC Porto,Porto,FCP,https://crests.football-data.org/503.png,1864,Royal Antwerp FC,Antwerp FC,ANT,https://crests.football-data.org/1864.png,HOME_TEAM,REGULAR,2.0,0.0,1.0,0.0,Activate Odds-Package in User-Panel to retrieve odds.,,,,,,
56,451590,2023-11-08T17:45:00Z,FINISHED,4.0,GROUP_STAGE,GROUP_C,2024-03-15T14:47:18Z,"[{'id': 43899, 'name': 'Danny Makkelie', 'type': 'REFEREE', 'nationality': 'Netherlands'}]",2077,Europe,EUR,https://crests.football-data.org/EUR.svg,2001,UEFA Champions League,CL,CUP,https://crests.football-data.org/CL.png,1630,2023-09-19,2024-06-01,6,,113,SSC Napoli,Napoli,NAP,https://crests.football-data.org/113.png,28,1. FC Union Berlin,Union Berlin,UNB,https://crests.football-data.org/28.svg,DRAW,REGULAR,1.0,1.0,1.0,0.0,Activate Odds-Package in User-Panel to retrieve odds.,,,,,,
57,451607,2023-11-08T17:45:00Z,FINISHED,4.0,GROUP_STAGE,GROUP_D,2024-03-15T14:47:18Z,"[{'id': 11580, 'name': 'Anthony Taylor', 'type': 'REFEREE', 'nationality': 'England'}]",2077,Europe,EUR,https://crests.football-data.org/EUR.svg,2001,UEFA Champions League,CL,CUP,https://crests.football-data.org/CL.png,1630,2023-09-19,2024-06-01,6,,92,Real Sociedad de Fútbol,Real Sociedad,RSO,https://crests.football-data.org/92.svg,1903,Sport Lisboa e Benfica,SL Benfica,BEN,https://crests.football-data.org/1903.png,HOME_TEAM,REGULAR,3.0,1.0,3.0,0.0,Activate Odds-Package in User-Panel to retrieve odds.,,,,,,
58,451591,2023-11-08T20:00:00Z,FINISHED,4.0,GROUP_STAGE,GROUP_C,2024-05-18T10:21:15Z,"[{'id': 214424, 'name': 'Halil Meler', 'type': 'REFEREE', 'nationality': 'Turkey'}]",2077,Europe,EUR,https://crests.football-data.org/EUR.svg,2001,UEFA Champions League,CL,CUP,https://crests.football-data.org/CL.png,1630,2023-09-19,2024-06-01,6,,86,Real Madrid CF,Real Madrid,RMA,https://crests.football-data.org/86.png,5613,Sporting Clube de Braga,Braga,SCB,https://crests.football-data.org/5613.png,HOME_TEAM,REGULAR,3.0,0.0,1.0,0.0,Activate Odds-Package in User-Panel to retrieve odds.,,,,,,
59,451598,2023-11-08T20:00:00Z,FINISHED,4.0,GROUP_STAGE,GROUP_D,2024-03-15T14:47:18Z,"[{'id': 43858, 'name': 'Serdar Gözübüyük', 'type': 'REFEREE', 'nationality': 'Netherlands'}]",2077,Europe,EUR,https://crests.football-data.org/EUR.svg,2001,UEFA Champions League,CL,CUP,https://crests.football-data.org/CL.png,1630,2023-09-19,2024-06-01,6,,1877,FC Red Bull Salzburg,RB Salzburg,RBS,https://crests.football-data.org/1877.png,108,FC Internazionale Milano,Inter,INT,https://crests.football-data.org/108.png,AWAY_TEAM,REGULAR,0.0,1.0,0.0,0.0,Activate Odds-Package in User-Panel to retrieve odds.,,,,,,
60,451563,2023-11-08T20:00:00Z,FINISHED,4.0,GROUP_STAGE,GROUP_A,2024-03-15T14:47:18Z,"[{'id': 37386, 'name': 'António Nobre', 'type': 'REFEREE', 'nationality': 'Portugal'}]",2077,Europe,EUR,https://crests.football-data.org/EUR.svg,2001,UEFA Champions League,CL,CUP,https://crests.football-data.org/CL.png,1630,2023-09-19,2024-06-01,6,,5,FC Bayern München,Bayern,FCB,https://crests.football-data.org/5.svg,610,Galatasaray SK,Galatasaray,GAL,https://crests.football-data.org/610.png,HOME_TEAM,REGULAR,2.0,1.0,0.0,0.0,Activate Odds-Package in User-Panel to retrieve odds.,,,,,,
61,451569,2023-11-08T20:00:00Z,FINISHED,4.0,GROUP_STAGE,GROUP_A,2024-03-15T14:47:18Z,"[{'id': 43952, 'name': 'Donatas Rumšas', 'type': 'REFEREE', 'nationality': 'Lithuania'}]",2077,Europe,EUR,https://crests.football-data.org/EUR.svg,2001,UEFA Champions League,CL,CUP,https://crests.football-data.org/CL.png,1630,2023-09-19,2024-06-01,6,,1876,FC København,København,KOB,https://crests.football-data.org/1876.png,66,Manchester United FC,Man United,MUN,https://crests.football-data.org/66.png,HOME_TEAM,REGULAR,4.0,3.0,2.0,2.0,Activate Odds-Package in User-Panel to retrieve odds.,,,,,,
62,451577,2023-11-08T20:00:00Z,FINISHED,4.0,GROUP_STAGE,GROUP_B,2024-03-15T14:47:18Z,"[{'id': 37278, 'name': 'István Kovács', 'type': 'REFEREE', 'nationality': 'Romania'}]",2077,Europe,EUR,https://crests.football-data.org/EUR.svg,2001,UEFA Champions League,CL,CUP,https://crests.football-data.org/CL.png,1630,2023-09-19,2024-06-01,6,,57,Arsenal FC,Arsenal,ARS,https://crests.football-data.org/57.png,559,Sevilla FC,Sevilla FC,SEV,https://crests.football-data.org/559.svg,HOME_TEAM,REGULAR,2.0,0.0,1.0,0.0,Activate Odds-Package in User-Panel to retrieve odds.,,,,,,
63,451579,2023-11-08T20:00:00Z,FINISHED,4.0,GROUP_STAGE,GROUP_B,2024-03-15T14:47:18Z,"[{'id': 15408, 'name': 'Daniel Siebert', 'type': 'REFEREE', 'nationality': 'Germany'}]",2077,Europe,EUR,https://crests.football-data.org/EUR.svg,2001,UEFA Champions League,CL,CUP,https://crests.football-data.org/CL.png,1630,2023-09-19,2024-06-01,6,,674,PSV,PSV,PSV,https://crests.football-data.org/674.png,546,Racing Club de Lens,RC Lens,RCL,https://crests.football-data.org/546.png,HOME_TEAM,REGULAR,1.0,0.0,1.0,0.0,Activate Odds-Package in User-Panel to retrieve odds.,,,,,,
64,451618,2023-11-28T17:45:00Z,FINISHED,5.0,GROUP_STAGE,GROUP_E,2024-03-15T14:47:18Z,"[{'id': 214424, 'name': 'Halil Meler', 'type': 'REFEREE', 'nationality': 'Turkey'}]",2077,Europe,EUR,https://crests.football-data.org/EUR.svg,2001,UEFA Champions League,CL,CUP,https://crests.football-data.org/CL.png,1630,2023-09-19,2024-06-01,6,,110,SS Lazio,Lazio,LAZ,https://crests.football-data.org/110.png,732,Celtic FC,Celtic,CEL,https://crests.football-data.org/732.png,HOME_TEAM,REGULAR,2.0,0.0,0.0,0.0,Activate Odds-Package in User-Panel to retrieve odds.,,,,,,
65,451656,2023-11-28T17:45:00Z,FINISHED,5.0,GROUP_STAGE,GROUP_H,2024-03-15T14:47:18Z,"[{'id': 43857, 'name': 'Bartosz Frankowski', 'type': 'REFEREE', 'nationality': 'Poland'}]",2077,Europe,EUR,https://crests.football-data.org/EUR.svg,2001,UEFA Champions League,CL,CUP,https://crests.football-data.org/CL.png,1630,2023-09-19,2024-06-01,6,,1887,FK Shakhtar Donetsk,Shaktar,SHD,https://crests.football-data.org/1887.png,1864,Royal Antwerp FC,Antwerp FC,ANT,https://crests.football-data.org/1864.png,HOME_TEAM,REGULAR,1.0,0.0,1.0,0.0,Activate Odds-Package in User-Panel to retrieve odds.,,,,,,
66,451612,2023-11-28T20:00:00Z,FINISHED,5.0,GROUP_STAGE,GROUP_E,2024-03-15T14:47:18Z,"[{'id': 11580, 'name': 'Anthony Taylor', 'type': 'REFEREE', 'nationality': 'England'}]",2077,Europe,EUR,https://crests.football-data.org/EUR.svg,2001,UEFA Champions League,CL,CUP,https://crests.football-data.org/CL.png,1630,2023-09-19,2024-06-01,6,,675,Feyenoord Rotterdam,Feyenoord,FEY,https://crests.football-data.org/675.png,78,Club Atlético de Madrid,Atleti,ATL,https://crests.football-data.org/78.svg,AWAY_TEAM,REGULAR,1.0,3.0,0.0,1.0,Activate Odds-Package in User-Panel to retrieve odds.,,,,,,
67,451621,2023-11-28T20:00:00Z,FINISHED,5.0,GROUP_STAGE,GROUP_F,2024-03-15T14:47:18Z,"[{'id': 37278, 'name': 'István Kovács', 'type': 'REFEREE', 'nationality': 'Romania'}]",2077,Europe,EUR,https://crests.football-data.org/EUR.svg,2001,UEFA Champions League,CL,CUP,https://crests.football-data.org/CL.png,1630,2023-09-19,2024-06-01,6,,98,AC Milan,Milan,MIL,https://crests.football-data.org/98.png,4,Borussia Dortmund,Dortmund,BVB,https://crests.football-data.org/4.png,AWAY_TEAM,REGULAR,1.0,3.0,1.0,1.0,Activate Odds-Package in User-Panel to retrieve odds.,,,,,,
68,451632,2023-11-28T20:00:00Z,FINISHED,5.0,GROUP_STAGE,GROUP_F,2024-03-15T14:47:18Z,"[{'id': 43888, 'name': 'Szymon Marciniak', 'type': 'REFEREE', 'nationality': 'Poland'}]",2077,Europe,EUR,https://crests.football-data.org/EUR.svg,2001,UEFA Champions League,CL,CUP,https://crests.football-data.org/CL.png,1630,2023-09-19,2024-06-01,6,,524,Paris Saint-Germain FC,PSG,PSG,https://crests.football-data.org/524.png,67,Newcastle United FC,Newcastle,NEW,https://crests.football-data.org/67.png,DRAW,REGULAR,1.0,1.0,0.0,1.0,Activate Odds-Package in User-Panel to retrieve odds.,,,,,,
69,451633,2023-11-28T20:00:00Z,FINISHED,5.0,GROUP_STAGE,GROUP_G,2024-03-15T14:47:18Z,"[{'id': 43899, 'name': 'Danny Makkelie', 'type': 'REFEREE', 'nationality': 'Netherlands'}]",2077,Europe,EUR,https://crests.football-data.org/EUR.svg,2001,UEFA Champions League,CL,CUP,https://crests.football-data.org/CL.png,1630,2023-09-19,2024-06-01,6,,1871,BSC Young Boys,Young Boys,YOB,https://crests.football-data.org/1871.png,7283,FK Crvena Zvezda,Crvena Zvedza,CRV,https://crests.football-data.org/7283.png,HOME_TEAM,REGULAR,2.0,0.0,2.0,0.0,Activate Odds-Package in User-Panel to retrieve odds.,,,,,,
70,451643,2023-11-28T20:00:00Z,FINISHED,5.0,GROUP_STAGE,GROUP_G,2024-05-18T10:21:15Z,"[{'id': 30960, 'name': 'Glenn Nyberg', 'type': 'REFEREE', 'nationality': 'Sweden'}]",2077,Europe,EUR,https://crests.football-data.org/EUR.svg,2001,UEFA Champions League,CL,CUP,https://crests.football-data.org/CL.png,1630,2023-09-19,2024-06-01,6,,65,Manchester City FC,Man City,MCI,https://crests.football-data.org/65.png,721,RB Leipzig,RB Leipzig,RBL,https://crests.football-data.org/721.png,HOME_TEAM,REGULAR,3.0,2.0,0.0,2.0,Activate Odds-Package in User-Panel to retrieve odds.,,,,,,
71,451645,2023-11-28T20:00:00Z,FINISHED,5.0,GROUP_STAGE,GROUP_H,2024-03-15T14:47:18Z,"[{'id': 11116, 'name': 'Daniele Orsato', 'type': 'REFEREE', 'nationality': 'Italy'}]",2077,Europe,EUR,https://crests.football-data.org/EUR.svg,2001,UEFA Champions League,CL,CUP,https://crests.football-data.org/CL.png,1630,2023-09-19,2024-06-01,6,,81,FC Barcelona,Barça,FCB,https://crests.football-data.org/81.svg,503,FC Porto,Porto,FCP,https://crests.football-data.org/503.png,HOME_TEAM,REGULAR,2.0,1.0,1.0,1.0,Activate Odds-Package in User-Panel to retrieve odds.,,,,,,
72,451571,2023-11-29T17:45:00Z,FINISHED,5.0,GROUP_STAGE,GROUP_A,2024-03-15T14:47:18Z,"[{'id': 207080, 'name': 'José Sánchez Martínez', 'type': 'REFEREE', 'nationality': 'Spain'}]",2077,Europe,EUR,https://crests.football-data.org/EUR.svg,2001,UEFA Champions League,CL,CUP,https://crests.football-data.org/CL.png,1630,2023-09-19,2024-06-01,6,,610,Galatasaray SK,Galatasaray,GAL,https://crests.football-data.org/610.png,66,Manchester United FC,Man United,MUN,https://crests.football-data.org/66.png,DRAW,REGULAR,3.0,3.0,1.0,2.0,Activate Odds-Package in User-Panel to retrieve odds.,,,,,,
73,451582,2023-11-29T17:45:00Z,FINISHED,5.0,GROUP_STAGE,GROUP_B,2024-03-15T14:47:18Z,"[{'id': 11029, 'name': 'Davide Massa', 'type': 'REFEREE', 'nationality': 'Italy'}]",2077,Europe,EUR,https://crests.football-data.org/EUR.svg,2001,UEFA Champions League,CL,CUP,https://crests.football-data.org/CL.png,1630,2023-09-19,2024-06-01,6,,559,Sevilla FC,Sevilla FC,SEV,https://crests.football-data.org/559.svg,674,PSV,PSV,PSV,https://crests.football-data.org/674.png,AWAY_TEAM,REGULAR,2.0,3.0,1.0,0.0,Activate Odds-Package in User-Panel to retrieve odds.,,,,,,
74,451588,2023-11-29T20:00:00Z,FINISHED,5.0,GROUP_STAGE,GROUP_C,2024-03-15T14:47:18Z,"[{'id': 9374, 'name': 'Clément Turpin', 'type': 'REFEREE', 'nationality': 'France'}]",2077,Europe,EUR,https://crests.football-data.org/EUR.svg,2001,UEFA Champions League,CL,CUP,https://crests.football-data.org/CL.png,1630,2023-09-19,2024-06-01,6,,5613,Sporting Clube de Braga,Braga,SCB,https://crests.football-data.org/5613.png,28,1. FC Union Berlin,Union Berlin,UNB,https://crests.football-data.org/28.svg,DRAW,REGULAR,1.0,1.0,0.0,1.0,Activate Odds-Package in User-Panel to retrieve odds.,,,,,,
75,451593,2023-11-29T20:00:00Z,FINISHED,5.0,GROUP_STAGE,GROUP_C,2024-05-18T10:21:15Z,"[{'id': 43918, 'name': 'François Letexier', 'type': 'REFEREE', 'nationality': 'France'}]",2077,Europe,EUR,https://crests.football-data.org/EUR.svg,2001,UEFA Champions League,CL,CUP,https://crests.football-data.org/CL.png,1630,2023-09-19,2024-06-01,6,,86,Real Madrid CF,Real Madrid,RMA,https://crests.football-data.org/86.png,113,SSC Napoli,Napoli,NAP,https://crests.football-data.org/113.png,HOME_TEAM,REGULAR,4.0,2.0,2.0,1.0,Activate Odds-Package in User-Panel to retrieve odds.,,,,,,
76,451602,2023-11-29T20:00:00Z,FINISHED,5.0,GROUP_STAGE,GROUP_D,2024-03-15T14:47:18Z,"[{'id': 43838, 'name': 'Andris Treimanis', 'type': 'REFEREE', 'nationality': 'Latvia'}]",2077,Europe,EUR,https://crests.football-data.org/EUR.svg,2001,UEFA Champions League,CL,CUP,https://crests.football-data.org/CL.png,1630,2023-09-19,2024-06-01,6,,1903,Sport Lisboa e Benfica,SL Benfica,BEN,https://crests.football-data.org/1903.png,108,FC Internazionale Milano,Inter,INT,https://crests.football-data.org/108.png,DRAW,REGULAR,3.0,3.0,3.0,0.0,Activate Odds-Package in User-Panel to retrieve odds.,,,,,,
77,451604,2023-11-29T20:00:00Z,FINISHED,5.0,GROUP_STAGE,GROUP_D,2024-03-15T14:47:18Z,"[{'id': 216912, 'name': 'Mikola Balakin', 'type': 'REFEREE', 'nationality': 'Ukraine'}]",2077,Europe,EUR,https://crests.football-data.org/EUR.svg,2001,UEFA Champions League,CL,CUP,https://crests.football-data.org/CL.png,1630,2023-09-19,2024-06-01,6,,92,Real Sociedad de Fútbol,Real Sociedad,RSO,https://crests.football-data.org/92.svg,1877,FC Red Bull Salzburg,RB Salzburg,RBS,https://crests.football-data.org/1877.png,DRAW,REGULAR,0.0,0.0,0.0,0.0,Activate Odds-Package in User-Panel to retrieve odds.,,,,,,
78,451561,2023-11-29T20:00:00Z,FINISHED,5.0,GROUP_STAGE,GROUP_A,2024-03-15T14:47:18Z,"[{'id': 25786, 'name': 'Stéphanie Frappart', 'type': 'REFEREE', 'nationality': 'France'}]",2077,Europe,EUR,https://crests.football-data.org/EUR.svg,2001,UEFA Champions League,CL,CUP,https://crests.football-data.org/CL.png,1630,2023-09-19,2024-06-01,6,,5,FC Bayern München,Bayern,FCB,https://crests.football-data.org/5.svg,1876,FC København,København,KOB,https://crests.football-data.org/1876.png,DRAW,REGULAR,0.0,0.0,0.0,0.0,Activate Odds-Package in User-Panel to retrieve odds.,,,,,,
79,451575,2023-11-29T20:00:00Z,FINISHED,5.0,GROUP_STAGE,GROUP_B,2024-03-15T14:47:18Z,"[{'id': 193984, 'name': 'Artur Dias', 'type': 'REFEREE', 'nationality': 'Portugal'}]",2077,Europe,EUR,https://crests.football-data.org/EUR.svg,2001,UEFA Champions League,CL,CUP,https://crests.football-data.org/CL.png,1630,2023-09-19,2024-06-01,6,,57,Arsenal FC,Arsenal,ARS,https://crests.football-data.org/57.png,546,Racing Club de Lens,RC Lens,RCL,https://crests.football-data.org/546.png,HOME_TEAM,REGULAR,6.0,0.0,5.0,0.0,Activate Odds-Package in User-Panel to retrieve odds.,,,,,,
80,451574,2023-12-12T17:45:00Z,FINISHED,6.0,GROUP_STAGE,GROUP_B,2024-03-15T14:47:18Z,"[{'id': 43943, 'name': 'Tobias Stieler', 'type': 'REFEREE', 'nationality': 'Germany'}]",2077,Europe,EUR,https://crests.football-data.org/EUR.svg,2001,UEFA Champions League,CL,CUP,https://crests.football-data.org/CL.png,1630,2023-09-19,2024-06-01,6,,674,PSV,PSV,PSV,https://crests.football-data.org/674.png,57,Arsenal FC,Arsenal,ARS,https://crests.football-data.org/57.png,DRAW,REGULAR,1.0,1.0,0.0,1.0,Activate Odds-Package in User-Panel to retrieve odds.,,,,,,
81,451583,2023-12-12T17:45:00Z,FINISHED,6.0,GROUP_STAGE,GROUP_B,2024-03-15T14:47:18Z,"[{'id': 43878, 'name': 'Felix Zwayer', 'type': 'REFEREE', 'nationality': 'Germany'}]",2077,Europe,EUR,https://crests.football-data.org/EUR.svg,2001,UEFA Champions League,CL,CUP,https://crests.football-data.org/CL.png,1630,2023-09-19,2024-06-01,6,,546,Racing Club de Lens,RC Lens,RCL,https://crests.football-data.org/546.png,559,Sevilla FC,Sevilla FC,SEV,https://crests.football-data.org/559.svg,HOME_TEAM,REGULAR,2.0,1.0,0.0,0.0,Activate Odds-Package in User-Panel to retrieve odds.,,,,,,
82,451585,2023-12-12T20:00:00Z,FINISHED,6.0,GROUP_STAGE,GROUP_C,2024-05-18T10:21:15Z,"[{'id': 43936, 'name': 'Rade Obrenović', 'type': 'REFEREE', 'nationality': 'Slovenia'}]",2077,Europe,EUR,https://crests.football-data.org/EUR.svg,2001,UEFA Champions League,CL,CUP,https://crests.football-data.org/CL.png,1630,2023-09-19,2024-06-01,6,,28,1. FC Union Berlin,Union Berlin,UNB,https://crests.football-data.org/28.svg,86,Real Madrid CF,Real Madrid,RMA,https://crests.football-data.org/86.png,AWAY_TEAM,REGULAR,2.0,3.0,1.0,0.0,Activate Odds-Package in User-Panel to retrieve odds.,,,,,,
83,451596,2023-12-12T20:00:00Z,FINISHED,6.0,GROUP_STAGE,GROUP_C,2024-03-15T14:47:18Z,"[{'id': 9351, 'name': 'Slavko Vinčič', 'type': 'REFEREE', 'nationality': 'Slovenia'}]",2077,Europe,EUR,https://crests.football-data.org/EUR.svg,2001,UEFA Champions League,CL,CUP,https://crests.football-data.org/CL.png,1630,2023-09-19,2024-06-01,6,,113,SSC Napoli,Napoli,NAP,https://crests.football-data.org/113.png,5613,Sporting Clube de Braga,Braga,SCB,https://crests.football-data.org/5613.png,HOME_TEAM,REGULAR,2.0,0.0,2.0,0.0,Activate Odds-Package in User-Panel to retrieve odds.,,,,,,
84,451599,2023-12-12T20:00:00Z,FINISHED,6.0,GROUP_STAGE,GROUP_D,2024-03-15T14:47:18Z,"[{'id': 31823, 'name': 'Sandro Schärer', 'type': 'REFEREE', 'nationality': 'Switzerland'}]",2077,Europe,EUR,https://crests.football-data.org/EUR.svg,2001,UEFA Champions League,CL,CUP,https://crests.football-data.org/CL.png,1630,2023-09-19,2024-06-01,6,,108,FC Internazionale Milano,Inter,INT,https://crests.football-data.org/108.png,92,Real Sociedad de Fútbol,Real Sociedad,RSO,https://crests.football-data.org/92.svg,DRAW,REGULAR,0.0,0.0,0.0,0.0,Activate Odds-Package in User-Panel to retrieve odds.,,,,,,
85,451605,2023-12-12T20:00:00Z,FINISHED,6.0,GROUP_STAGE,GROUP_D,2024-03-15T14:47:18Z,"[{'id': 15408, 'name': 'Daniel Siebert', 'type': 'REFEREE', 'nationality': 'Germany'}]",2077,Europe,EUR,https://crests.football-data.org/EUR.svg,2001,UEFA Champions League,CL,CUP,https://crests.football-data.org/CL.png,1630,2023-09-19,2024-06-01,6,,1877,FC Red Bull Salzburg,RB Salzburg,RBS,https://crests.football-data.org/1877.png,1903,Sport Lisboa e Benfica,SL Benfica,BEN,https://crests.football-data.org/1903.png,AWAY_TEAM,REGULAR,1.0,3.0,0.0,2.0,Activate Odds-Package in User-Panel to retrieve odds.,,,,,,
86,451566,2023-12-12T20:00:00Z,FINISHED,6.0,GROUP_STAGE,GROUP_A,2024-03-15T14:47:18Z,"[{'id': 215543, 'name': 'Espen Eskås', 'type': 'REFEREE', 'nationality': 'Norway'}]",2077,Europe,EUR,https://crests.football-data.org/EUR.svg,2001,UEFA Champions League,CL,CUP,https://crests.football-data.org/CL.png,1630,2023-09-19,2024-06-01,6,,66,Manchester United FC,Man United,MUN,https://crests.football-data.org/66.png,5,FC Bayern München,Bayern,FCB,https://crests.football-data.org/5.svg,AWAY_TEAM,REGULAR,0.0,1.0,0.0,0.0,Activate Odds-Package in User-Panel to retrieve odds.,,,,,,
87,451567,2023-12-12T20:00:00Z,FINISHED,6.0,GROUP_STAGE,GROUP_A,2024-03-15T14:47:18Z,"[{'id': 11116, 'name': 'Daniele Orsato', 'type': 'REFEREE', 'nationality': 'Italy'}]",2077,Europe,EUR,https://crests.football-data.org/EUR.svg,2001,UEFA Champions League,CL,CUP,https://crests.football-data.org/CL.png,1630,2023-09-19,2024-06-01,6,,1876,FC København,København,KOB,https://crests.football-data.org/1876.png,610,Galatasaray SK,Galatasaray,GAL,https://crests.football-data.org/610.png,HOME_TEAM,REGULAR,1.0,0.0,0.0,0.0,Activate Odds-Package in User-Panel to retrieve odds.,,,,,,
88,451638,2023-12-13T17:45:00Z,FINISHED,6.0,GROUP_STAGE,GROUP_G,2024-03-15T14:47:18Z,"[{'id': 40217, 'name': 'Manfredas Lukjančukas', 'type': 'REFEREE', 'nationality': 'Lithuania'}]",2077,Europe,EUR,https://crests.football-data.org/EUR.svg,2001,UEFA Champions League,CL,CUP,https://crests.football-data.org/CL.png,1630,2023-09-19,2024-06-01,6,,721,RB Leipzig,RB Leipzig,RBL,https://crests.football-data.org/721.png,1871,BSC Young Boys,Young Boys,YOB,https://crests.football-data.org/1871.png,HOME_TEAM,REGULAR,2.0,1.0,0.0,0.0,Activate Odds-Package in User-Panel to retrieve odds.,,,,,,
89,451639,2023-12-13T17:45:00Z,FINISHED,6.0,GROUP_STAGE,GROUP_G,2024-05-18T10:21:15Z,"[{'id': 221755, 'name': 'Äliyar Ağayev', 'type': 'REFEREE', 'nationality': 'Azerbaijan'}]",2077,Europe,EUR,https://crests.football-data.org/EUR.svg,2001,UEFA Champions League,CL,CUP,https://crests.football-data.org/CL.png,1630,2023-09-19,2024-06-01,6,,7283,FK Crvena Zvezda,Crvena Zvedza,CRV,https://crests.football-data.org/7283.png,65,Manchester City FC,Man City,MCI,https://crests.football-data.org/65.png,AWAY_TEAM,REGULAR,2.0,3.0,0.0,1.0,Activate Odds-Package in User-Panel to retrieve odds.,,,,,,
90,451613,2023-12-13T20:00:00Z,FINISHED,6.0,GROUP_STAGE,GROUP_E,2024-03-15T14:47:18Z,"[{'id': 43858, 'name': 'Serdar Gözübüyük', 'type': 'REFEREE', 'nationality': 'Netherlands'}]",2077,Europe,EUR,https://crests.football-data.org/EUR.svg,2001,UEFA Champions League,CL,CUP,https://crests.football-data.org/CL.png,1630,2023-09-19,2024-06-01,6,,78,Club Atlético de Madrid,Atleti,ATL,https://crests.football-data.org/78.svg,110,SS Lazio,Lazio,LAZ,https://crests.football-data.org/110.png,HOME_TEAM,REGULAR,2.0,0.0,1.0,0.0,Activate Odds-Package in User-Panel to retrieve odds.,,,,,,
91,451615,2023-12-13T20:00:00Z,FINISHED,6.0,GROUP_STAGE,GROUP_E,2024-03-15T14:47:18Z,"[{'id': 43926, 'name': 'Benoît Bastien', 'type': 'REFEREE', 'nationality': 'France'}]",2077,Europe,EUR,https://crests.football-data.org/EUR.svg,2001,UEFA Champions League,CL,CUP,https://crests.football-data.org/CL.png,1630,2023-09-19,2024-06-01,6,,732,Celtic FC,Celtic,CEL,https://crests.football-data.org/732.png,675,Feyenoord Rotterdam,Feyenoord,FEY,https://crests.football-data.org/675.png,HOME_TEAM,REGULAR,2.0,1.0,1.0,0.0,Activate Odds-Package in User-Panel to retrieve odds.,,,,,,
92,451624,2023-12-13T20:00:00Z,FINISHED,6.0,GROUP_STAGE,GROUP_F,2024-03-15T14:47:18Z,"[{'id': 43899, 'name': 'Danny Makkelie', 'type': 'REFEREE', 'nationality': 'Netherlands'}]",2077,Europe,EUR,https://crests.football-data.org/EUR.svg,2001,UEFA Champions League,CL,CUP,https://crests.football-data.org/CL.png,1630,2023-09-19,2024-06-01,6,,67,Newcastle United FC,Newcastle,NEW,https://crests.football-data.org/67.png,98,AC Milan,Milan,MIL,https://crests.football-data.org/98.png,AWAY_TEAM,REGULAR,1.0,2.0,1.0,0.0,Activate Odds-Package in User-Panel to retrieve odds.,,,,,,
93,451629,2023-12-13T20:00:00Z,FINISHED,6.0,GROUP_STAGE,GROUP_F,2024-03-15T14:47:18Z,"[{'id': 30960, 'name': 'Glenn Nyberg', 'type': 'REFEREE', 'nationality': 'Sweden'}]",2077,Europe,EUR,https://crests.football-data.org/EUR.svg,2001,UEFA Champions League,CL,CUP,https://crests.football-data.org/CL.png,1630,2023-09-19,2024-06-01,6,,4,Borussia Dortmund,Dortmund,BVB,https://crests.football-data.org/4.png,524,Paris Saint-Germain FC,PSG,PSG,https://crests.football-data.org/524.png,DRAW,REGULAR,1.0,1.0,0.0,0.0,Activate Odds-Package in User-Panel to retrieve odds.,,,,,,
94,451648,2023-12-13T20:00:00Z,FINISHED,6.0,GROUP_STAGE,GROUP_H,2024-03-15T14:47:18Z,"[{'id': 11079, 'name': 'Marco Guida', 'type': 'REFEREE', 'nationality': 'Italy'}]",2077,Europe,EUR,https://crests.football-data.org/EUR.svg,2001,UEFA Champions League,CL,CUP,https://crests.football-data.org/CL.png,1630,2023-09-19,2024-06-01,6,,1864,Royal Antwerp FC,Antwerp FC,ANT,https://crests.football-data.org/1864.png,81,FC Barcelona,Barça,FCB,https://crests.football-data.org/81.svg,HOME_TEAM,REGULAR,3.0,2.0,1.0,1.0,Activate Odds-Package in User-Panel to retrieve odds.,,,,,,
95,451653,2023-12-13T20:00:00Z,FINISHED,6.0,GROUP_STAGE,GROUP_H,2024-03-15T14:47:18Z,"[{'id': 37278, 'name': 'István Kovács', 'type': 'REFEREE', 'nationality': 'Romania'}]",2077,Europe,EUR,https://crests.football-data.org/EUR.svg,2001,UEFA Champions League,CL,CUP,https://crests.football-data.org/CL.png,1630,2023-09-19,2024-06-01,6,,503,FC Porto,Porto,FCP,https://crests.football-data.org/503.png,1887,FK Shakhtar Donetsk,Shaktar,SHD,https://crests.football-data.org/1887.png,HOME_TEAM,REGULAR,5.0,3.0,2.0,1.0,Activate Odds-Package in User-Panel to retrieve odds.,,,,,,
96,451663,2024-02-13T20:00:00Z,FINISHED,1.0,LAST_16,,2024-05-18T10:21:15Z,"[{'id': 207080, 'name': 'José Sánchez Martínez', 'type': 'REFEREE', 'nationality': 'Spain'}]",2077,Europe,EUR,https://crests.football-data.org/EUR.svg,2001,UEFA Champions League,CL,CUP,https://crests.football-data.org/CL.png,1630,2023-09-19,2024-06-01,6,,1876,FC København,København,KOB,https://crests.football-data.org/1876.png,65,Manchester City FC,Man City,MCI,https://crests.football-data.org/65.png,AWAY_TEAM,REGULAR,1.0,3.0,1.0,2.0,Activate Odds-Package in User-Panel to retrieve odds.,,,,,,
97,451664,2024-02-13T20:00:00Z,FINISHED,1.0,LAST_16,,2024-05-18T10:21:15Z,"[{'id': 15680, 'name': 'Irfan Peljto', 'type': 'REFEREE', 'nationality': 'Bosnia and Herzegovina'}]",2077,Europe,EUR,https://crests.football-data.org/EUR.svg,2001,UEFA Champions League,CL,CUP,https://crests.football-data.org/CL.png,1630,2023-09-19,2024-06-01,6,,721,RB Leipzig,RB Leipzig,RBL,https://crests.football-data.org/721.png,86,Real Madrid CF,Real Madrid,RMA,https://crests.football-data.org/86.png,AWAY_TEAM,REGULAR,0.0,1.0,0.0,0.0,Activate Odds-Package in User-Panel to retrieve odds.,,,,,,
98,451659,2024-02-14T20:00:00Z,FINISHED,1.0,LAST_16,,2024-03-15T14:47:18Z,"[{'id': 11079, 'name': 'Marco Guida', 'type': 'REFEREE', 'nationality': 'Italy'}]",2077,Europe,EUR,https://crests.football-data.org/EUR.svg,2001,UEFA Champions League,CL,CUP,https://crests.football-data.org/CL.png,1630,2023-09-19,2024-06-01,6,,524,Paris Saint-Germain FC,PSG,PSG,https://crests.football-data.org/524.png,92,Real Sociedad de Fútbol,Real Sociedad,RSO,https://crests.football-data.org/92.svg,HOME_TEAM,REGULAR,2.0,0.0,0.0,0.0,Activate Odds-Package in User-Panel to retrieve odds.,,,,,,
99,451662,2024-02-14T20:00:00Z,FINISHED,1.0,LAST_16,,2024-03-15T14:47:18Z,"[{'id': 43918, 'name': 'François Letexier', 'type': 'REFEREE', 'nationality': 'France'}]",2077,Europe,EUR,https://crests.football-data.org/EUR.svg,2001,UEFA Champions League,CL,CUP,https://crests.football-data.org/CL.png,1630,2023-09-19,2024-06-01,6,,110,SS Lazio,Lazio,LAZ,https://crests.football-data.org/110.png,5,FC Bayern München,Bayern,FCB,https://crests.football-data.org/5.svg,HOME_TEAM,REGULAR,1.0,0.0,0.0,0.0,Activate Odds-Package in User-Panel to retrieve odds.,,,,,,
100,451660,2024-02-20T20:00:00Z,FINISHED,1.0,LAST_16,,2024-03-15T14:47:18Z,"[{'id': 37278, 'name': 'István Kovács', 'type': 'REFEREE', 'nationality': 'Romania'}]",2077,Europe,EUR,https://crests.football-data.org/EUR.svg,2001,UEFA Champions League,CL,CUP,https://crests.football-data.org/CL.png,1630,2023-09-19,2024-06-01,6,,108,FC Internazionale Milano,Inter,INT,https://crests.football-data.org/108.png,78,Club Atlético de Madrid,Atleti,ATL,https://crests.football-data.org/78.svg,HOME_TEAM,REGULAR,1.0,0.0,0.0,0.0,Activate Odds-Package in User-Panel to retrieve odds.,,,,,,
101,451661,2024-02-20T20:00:00Z,FINISHED,1.0,LAST_16,,2024-03-15T14:47:18Z,"[{'id': 15649, 'name': 'Srđan Jovanović', 'type': 'REFEREE', 'nationality': 'Serbia'}]",2077,Europe,EUR,https://crests.football-data.org/EUR.svg,2001,UEFA Champions League,CL,CUP,https://crests.football-data.org/CL.png,1630,2023-09-19,2024-06-01,6,,674,PSV,PSV,PSV,https://crests.football-data.org/674.png,4,Borussia Dortmund,Dortmund,BVB,https://crests.football-data.org/4.png,DRAW,REGULAR,1.0,1.0,0.0,1.0,Activate Odds-Package in User-Panel to retrieve odds.,,,,,,
102,451657,2024-02-21T20:00:00Z,FINISHED,1.0,LAST_16,,2024-03-15T14:47:18Z,"[{'id': 43858, 'name': 'Serdar Gözübüyük', 'type': 'REFEREE', 'nationality': 'Netherlands'}]",2077,Europe,EUR,https://crests.football-data.org/EUR.svg,2001,UEFA Champions League,CL,CUP,https://crests.football-data.org/CL.png,1630,2023-09-19,2024-06-01,6,,503,FC Porto,Porto,FCP,https://crests.football-data.org/503.png,57,Arsenal FC,Arsenal,ARS,https://crests.football-data.org/57.png,HOME_TEAM,REGULAR,1.0,0.0,0.0,0.0,Activate Odds-Package in User-Panel to retrieve odds.,,,,,,
103,451658,2024-02-21T20:00:00Z,FINISHED,1.0,LAST_16,,2024-03-15T14:47:18Z,"[{'id': 43878, 'name': 'Felix Zwayer', 'type': 'REFEREE', 'nationality': 'Germany'}]",2077,Europe,EUR,https://crests.football-data.org/EUR.svg,2001,UEFA Champions League,CL,CUP,https://crests.football-data.org/CL.png,1630,2023-09-19,2024-06-01,6,,113,SSC Napoli,Napoli,NAP,https://crests.football-data.org/113.png,81,FC Barcelona,Barça,FCB,https://crests.football-data.org/81.svg,DRAW,REGULAR,1.0,1.0,0.0,0.0,Activate Odds-Package in User-Panel to retrieve odds.,,,,,,
104,451667,2024-03-05T20:00:00Z,FINISHED,2.0,LAST_16,,2024-03-15T14:47:18Z,"[{'id': 11605, 'name': 'Michael Oliver', 'type': 'REFEREE', 'nationality': 'England'}]",2077,Europe,EUR,https://crests.football-data.org/EUR.svg,2001,UEFA Champions League,CL,CUP,https://crests.football-data.org/CL.png,1630,2023-09-19,2024-06-01,6,,92,Real Sociedad de Fútbol,Real Sociedad,RSO,https://crests.football-data.org/92.svg,524,Paris Saint-Germain FC,PSG,PSG,https://crests.football-data.org/524.png,AWAY_TEAM,REGULAR,1.0,2.0,0.0,1.0,Activate Odds-Package in User-Panel to retrieve odds.,,,,,,
105,451670,2024-03-05T20:00:00Z,FINISHED,2.0,LAST_16,,2024-03-15T14:47:18Z,"[{'id': 9351, 'name': 'Slavko Vinčič', 'type': 'REFEREE', 'nationality': 'Slovenia'}]",2077,Europe,EUR,https://crests.football-data.org/EUR.svg,2001,UEFA Champions League,CL,CUP,https://crests.football-data.org/CL.png,1630,2023-09-19,2024-06-01,6,,5,FC Bayern München,Bayern,FCB,https://crests.football-data.org/5.svg,110,SS Lazio,Lazio,LAZ,https://crests.football-data.org/110.png,HOME_TEAM,REGULAR,3.0,0.0,2.0,0.0,Activate Odds-Package in User-Panel to retrieve odds.,,,,,,
106,451671,2024-03-06T20:00:00Z,FINISHED,2.0,LAST_16,,2024-05-18T10:21:15Z,"[{'id': 215543, 'name': 'Espen Eskås', 'type': 'REFEREE', 'nationality': 'Norway'}]",2077,Europe,EUR,https://crests.football-data.org/EUR.svg,2001,UEFA Champions League,CL,CUP,https://crests.football-data.org/CL.png,1630,2023-09-19,2024-06-01,6,,65,Manchester City FC,Man City,MCI,https://crests.football-data.org/65.png,1876,FC København,København,KOB,https://crests.football-data.org/1876.png,HOME_TEAM,REGULAR,3.0,1.0,3.0,1.0,Activate Odds-Package in User-Panel to retrieve odds.,,,,,,
107,451672,2024-03-06T20:00:00Z,FINISHED,2.0,LAST_16,,2024-05-18T10:21:15Z,"[{'id': 11029, 'name': 'Davide Massa', 'type': 'REFEREE', 'nationality': 'Italy'}]",2077,Europe,EUR,https://crests.football-data.org/EUR.svg,2001,UEFA Champions League,CL,CUP,https://crests.football-data.org/CL.png,1630,2023-09-19,2024-06-01,6,,86,Real Madrid CF,Real Madrid,RMA,https://crests.football-data.org/86.png,721,RB Leipzig,RB Leipzig,RBL,https://crests.football-data.org/721.png,DRAW,REGULAR,1.0,1.0,0.0,0.0,Activate Odds-Package in User-Panel to retrieve odds.,,,,,,
108,451665,2024-03-12T20:00:00Z,FINISHED,2.0,LAST_16,,2024-03-15T14:47:18Z,"[{'id': 9374, 'name': 'Clément Turpin', 'type': 'REFEREE', 'nationality': 'France'}]",2077,Europe,EUR,https://crests.football-data.org/EUR.svg,2001,UEFA Champions League,CL,CUP,https://crests.football-data.org/CL.png,1630,2023-09-19,2024-06-01,6,,57,Arsenal FC,Arsenal,ARS,https://crests.football-data.org/57.png,503,FC Porto,Porto,FCP,https://crests.football-data.org/503.png,HOME_TEAM,PENALTY_SHOOTOUT,5.0,2.0,1.0,0.0,Activate Odds-Package in User-Panel to retrieve odds.,1.0,0.0,0.0,0.0,4.0,2.0
109,451666,2024-03-12T20:00:00Z,FINISHED,2.0,LAST_16,,2024-03-15T14:47:18Z,"[{'id': 43899, 'name': 'Danny Makkelie', 'type': 'REFEREE', 'nationality': 'Netherlands'}]",2077,Europe,EUR,https://crests.football-data.org/EUR.svg,2001,UEFA Champions League,CL,CUP,https://crests.football-data.org/CL.png,1630,2023-09-19,2024-06-01,6,,81,FC Barcelona,Barça,FCB,https://crests.football-data.org/81.svg,113,SSC Napoli,Napoli,NAP,https://crests.football-data.org/113.png,HOME_TEAM,REGULAR,3.0,1.0,2.0,1.0,Activate Odds-Package in User-Panel to retrieve odds.,,,,,,
110,451668,2024-03-13T20:00:00Z,FINISHED,2.0,LAST_16,,2024-03-15T14:47:18Z,"[{'id': 43888, 'name': 'Szymon Marciniak', 'type': 'REFEREE', 'nationality': 'Poland'}]",2077,Europe,EUR,https://crests.football-data.org/EUR.svg,2001,UEFA Champions League,CL,CUP,https://crests.football-data.org/CL.png,1630,2023-09-19,2024-06-01,6,,78,Club Atlético de Madrid,Atleti,ATL,https://crests.football-data.org/78.svg,108,FC Internazionale Milano,Inter,INT,https://crests.football-data.org/108.png,HOME_TEAM,PENALTY_SHOOTOUT,5.0,3.0,1.0,1.0,Activate Odds-Package in User-Panel to retrieve odds.,2.0,1.0,0.0,0.0,3.0,2.0
111,451669,2024-03-13T20:00:00Z,FINISHED,2.0,LAST_16,,2024-03-15T14:47:18Z,"[{'id': 11116, 'name': 'Daniele Orsato', 'type': 'REFEREE', 'nationality': 'Italy'}]",2077,Europe,EUR,https://crests.football-data.org/EUR.svg,2001,UEFA Champions League,CL,CUP,https://crests.football-data.org/CL.png,1630,2023-09-19,2024-06-01,6,,4,Borussia Dortmund,Dortmund,BVB,https://crests.football-data.org/4.png,674,PSV,PSV,PSV,https://crests.football-data.org/674.png,HOME_TEAM,REGULAR,2.0,0.0,1.0,0.0,Activate Odds-Package in User-Panel to retrieve odds.,,,,,,
112,451673,2024-04-09T19:00:00Z,FINISHED,1.0,QUARTER_FINALS,,2024-04-10T00:21:30Z,"[{'id': 30960, 'name': 'Glenn Nyberg', 'type': 'REFEREE', 'nationality': 'Sweden'}]",2077,Europe,EUR,https://crests.football-data.org/EUR.svg,2001,UEFA Champions League,CL,CUP,https://crests.football-data.org/CL.png,1630,2023-09-19,2024-06-01,6,,57,Arsenal FC,Arsenal,ARS,https://crests.football-data.org/57.png,5,FC Bayern München,Bayern,FCB,https://crests.football-data.org/5.svg,DRAW,REGULAR,2.0,2.0,1.0,2.0,Activate Odds-Package in User-Panel to retrieve odds.,,,,,,
113,451675,2024-04-09T19:00:00Z,FINISHED,1.0,QUARTER_FINALS,,2024-05-18T10:21:15Z,"[{'id': 43918, 'name': 'François Letexier', 'type': 'REFEREE', 'nationality': 'France'}]",2077,Europe,EUR,https://crests.football-data.org/EUR.svg,2001,UEFA Champions League,CL,CUP,https://crests.football-data.org/CL.png,1630,2023-09-19,2024-06-01,6,,86,Real Madrid CF,Real Madrid,RMA,https://crests.football-data.org/86.png,65,Manchester City FC,Man City,MCI,https://crests.football-data.org/65.png,DRAW,REGULAR,3.0,3.0,2.0,1.0,Activate Odds-Package in User-Panel to retrieve odds.,,,,,,
114,451674,2024-04-10T19:00:00Z,FINISHED,1.0,QUARTER_FINALS,,2024-04-11T00:21:31Z,"[{'id': 11079, 'name': 'Marco Guida', 'type': 'REFEREE', 'nationality': 'Italy'}]",2077,Europe,EUR,https://crests.football-data.org/EUR.svg,2001,UEFA Champions League,CL,CUP,https://crests.football-data.org/CL.png,1630,2023-09-19,2024-06-01,6,,78,Club Atlético de Madrid,Atleti,ATL,https://crests.football-data.org/78.svg,4,Borussia Dortmund,Dortmund,BVB,https://crests.football-data.org/4.png,HOME_TEAM,REGULAR,2.0,1.0,2.0,0.0,Activate Odds-Package in User-Panel to retrieve odds.,,,,,,
115,451676,2024-04-10T19:00:00Z,FINISHED,1.0,QUARTER_FINALS,,2024-04-11T00:21:31Z,"[{'id': 11580, 'name': 'Anthony Taylor', 'type': 'REFEREE', 'nationality': 'England'}]",2077,Europe,EUR,https://crests.football-data.org/EUR.svg,2001,UEFA Champions League,CL,CUP,https://crests.football-data.org/CL.png,1630,2023-09-19,2024-06-01,6,,524,Paris Saint-Germain FC,PSG,PSG,https://crests.football-data.org/524.png,81,FC Barcelona,Barça,FCB,https://crests.football-data.org/81.svg,AWAY_TEAM,REGULAR,2.0,3.0,0.0,1.0,Activate Odds-Package in User-Panel to retrieve odds.,,,,,,
116,451678,2024-04-16T19:00:00Z,FINISHED,2.0,QUARTER_FINALS,,2024-04-17T00:21:30Z,"[{'id': 9351, 'name': 'Slavko Vinčič', 'type': 'REFEREE', 'nationality': 'Slovenia'}]",2077,Europe,EUR,https://crests.football-data.org/EUR.svg,2001,UEFA Champions League,CL,CUP,https://crests.football-data.org/CL.png,1630,2023-09-19,2024-06-01,6,,4,Borussia Dortmund,Dortmund,BVB,https://crests.football-data.org/4.png,78,Club Atlético de Madrid,Atleti,ATL,https://crests.football-data.org/78.svg,HOME_TEAM,REGULAR,4.0,2.0,2.0,0.0,Activate Odds-Package in User-Panel to retrieve odds.,,,,,,
117,451680,2024-04-16T19:00:00Z,FINISHED,2.0,QUARTER_FINALS,,2024-04-17T00:21:30Z,"[{'id': 37278, 'name': 'István Kovács', 'type': 'REFEREE', 'nationality': 'Romania'}]",2077,Europe,EUR,https://crests.football-data.org/EUR.svg,2001,UEFA Champions League,CL,CUP,https://crests.football-data.org/CL.png,1630,2023-09-19,2024-06-01,6,,81,FC Barcelona,Barça,FCB,https://crests.football-data.org/81.svg,524,Paris Saint-Germain FC,PSG,PSG,https://crests.football-data.org/524.png,AWAY_TEAM,REGULAR,1.0,4.0,1.0,1.0,Activate Odds-Package in User-Panel to retrieve odds.,,,,,,
118,451677,2024-04-17T19:00:00Z,FINISHED,2.0,QUARTER_FINALS,,2024-04-18T00:21:31Z,"[{'id': 43899, 'name': 'Danny Makkelie', 'type': 'REFEREE', 'nationality': 'Netherlands'}]",2077,Europe,EUR,https://crests.football-data.org/EUR.svg,2001,UEFA Champions League,CL,CUP,https://crests.football-data.org/CL.png,1630,2023-09-19,2024-06-01,6,,5,FC Bayern München,Bayern,FCB,https://crests.football-data.org/5.svg,57,Arsenal FC,Arsenal,ARS,https://crests.football-data.org/57.png,HOME_TEAM,REGULAR,1.0,0.0,0.0,0.0,Activate Odds-Package in User-Panel to retrieve odds.,,,,,,
119,451679,2024-04-17T19:00:00Z,FINISHED,2.0,QUARTER_FINALS,,2024-05-18T10:21:15Z,"[{'id': 11116, 'name': 'Daniele Orsato', 'type': 'REFEREE', 'nationality': 'Italy'}]",2077,Europe,EUR,https://crests.football-data.org/EUR.svg,2001,UEFA Champions League,CL,CUP,https://crests.football-data.org/CL.png,1630,2023-09-19,2024-06-01,6,,65,Manchester City FC,Man City,MCI,https://crests.football-data.org/65.png,86,Real Madrid CF,Real Madrid,RMA,https://crests.football-data.org/86.png,AWAY_TEAM,PENALTY_SHOOTOUT,4.0,5.0,0.0,1.0,Activate Odds-Package in User-Panel to retrieve odds.,1.0,1.0,0.0,0.0,3.0,4.0
120,451682,2024-04-30T19:00:00Z,FINISHED,1.0,SEMI_FINALS,,2024-05-18T10:21:15Z,"[{'id': 9374, 'name': 'Clément Turpin', 'type': 'REFEREE', 'nationality': 'France'}]",2077,Europe,EUR,https://crests.football-data.org/EUR.svg,2001,UEFA Champions League,CL,CUP,https://crests.football-data.org/CL.png,1630,2023-09-19,2024-06-01,6,,5,FC Bayern München,Bayern,FCB,https://crests.football-data.org/5.svg,86,Real Madrid CF,Real Madrid,RMA,https://crests.football-data.org/86.png,DRAW,REGULAR,2.0,2.0,0.0,1.0,Activate Odds-Package in User-Panel to retrieve odds.,,,,,,
121,451681,2024-05-01T19:00:00Z,FINISHED,1.0,SEMI_FINALS,,2024-05-02T00:21:34Z,"[{'id': 11580, 'name': 'Anthony Taylor', 'type': 'REFEREE', 'nationality': 'England'}]",2077,Europe,EUR,https://crests.football-data.org/EUR.svg,2001,UEFA Champions League,CL,CUP,https://crests.football-data.org/CL.png,1630,2023-09-19,2024-06-01,6,,4,Borussia Dortmund,Dortmund,BVB,https://crests.football-data.org/4.png,524,Paris Saint-Germain FC,PSG,PSG,https://crests.football-data.org/524.png,HOME_TEAM,REGULAR,1.0,0.0,1.0,0.0,Activate Odds-Package in User-Panel to retrieve odds.,,,,,,
122,451683,2024-05-07T19:00:00Z,FINISHED,2.0,SEMI_FINALS,,2024-05-08T00:21:36Z,"[{'id': 11116, 'name': 'Daniele Orsato', 'type': 'REFEREE', 'nationality': 'Italy'}]",2077,Europe,EUR,https://crests.football-data.org/EUR.svg,2001,UEFA Champions League,CL,CUP,https://crests.football-data.org/CL.png,1630,2023-09-19,2024-06-01,6,,524,Paris Saint-Germain FC,PSG,PSG,https://crests.football-data.org/524.png,4,Borussia Dortmund,Dortmund,BVB,https://crests.football-data.org/4.png,AWAY_TEAM,REGULAR,0.0,1.0,0.0,0.0,Activate Odds-Package in User-Panel to retrieve odds.,,,,,,
123,451684,2024-05-08T19:00:00Z,FINISHED,2.0,SEMI_FINALS,,2024-05-18T10:21:15Z,"[{'id': 43888, 'name': 'Szymon Marciniak', 'type': 'REFEREE', 'nationality': 'Poland'}]",2077,Europe,EUR,https://crests.football-data.org/EUR.svg,2001,UEFA Champions League,CL,CUP,https://crests.football-data.org/CL.png,1630,2023-09-19,2024-06-01,6,,86,Real Madrid CF,Real Madrid,RMA,https://crests.football-data.org/86.png,5,FC Bayern München,Bayern,FCB,https://crests.football-data.org/5.svg,HOME_TEAM,REGULAR,2.0,1.0,0.0,0.0,Activate Odds-Package in User-Panel to retrieve odds.,,,,,,
124,451685,2024-06-01T19:00:00Z,TIMED,,FINAL,,2024-05-18T10:21:15Z,[],2077,Europe,EUR,https://crests.football-data.org/EUR.svg,2001,UEFA Champions League,CL,CUP,https://crests.football-data.org/CL.png,1630,2023-09-19,2024-06-01,6,,4,Borussia Dortmund,Dortmund,BVB,https://crests.football-data.org/4.png,86,Real Madrid CF,Real Madrid,RMA,https://crests.football-data.org/86.png,,REGULAR,,,,,Activate Odds-Package in User-Panel to retrieve odds.,,,,,,
